"Status","Start Time","Stop Time","Duration in ms","Parent Suite","Suite","Sub Suite","Test Class","Test Method","Name","Description"
"passed","Tue Jan 05 00:13:53 CST 2021","Tue Jan 05 00:13:53 CST 2021","0","","test_newcalc","TestCalc","","","test_sub[int_sub]",""
"passed","Tue Jan 05 00:13:53 CST 2021","Tue Jan 05 00:13:53 CST 2021","0","","test_newcalc","TestCalc","","","test_add[minus_add]",""
"passed","Tue Jan 05 00:13:53 CST 2021","Tue Jan 05 00:13:53 CST 2021","0","","test_newcalc","TestCalc","","","test_sub[bigint_sub]",""
"passed","Tue Jan 05 00:13:53 CST 2021","Tue Jan 05 00:13:53 CST 2021","0","","test_newcalc","TestCalc","","","test_add[bigint_add]",""
"passed","Tue Jan 05 00:13:53 CST 2021","Tue Jan 05 00:13:53 CST 2021","1","","test_newcalc","TestCalc","","","test_div[float_div]",""
"passed","Tue Jan 05 00:13:53 CST 2021","Tue Jan 05 00:13:53 CST 2021","0","","test_newcalc","TestCalc","","","test_add[float]",""
"passed","Tue Jan 05 00:13:53 CST 2021","Tue Jan 05 00:13:53 CST 2021","1","","test_newcalc","TestCalc","","","test_div[bigint_div]",""
"passed","Tue Jan 05 00:13:53 CST 2021","Tue Jan 05 00:13:53 CST 2021","0","","test_newcalc","TestCalc","","","test_mul[int_mul]",""
"passed","Tue Jan 05 00:13:53 CST 2021","Tue Jan 05 00:13:53 CST 2021","1","","test_newcalc","TestCalc","","","test_add[int_add]",""
"passed","Tue Jan 05 00:13:53 CST 2021","Tue Jan 05 00:13:53 CST 2021","0","","test_newcalc","TestCalc","","","test_sub[minus_sub]",""
"passed","Tue Jan 05 00:13:53 CST 2021","Tue Jan 05 00:13:53 CST 2021","1","","test_newcalc","TestCalc","","","test_div[int_div]",""
"passed","Tue Jan 05 00:13:53 CST 2021","Tue Jan 05 00:13:53 CST 2021","1","","test_newcalc","TestCalc","","","test_div[minus_div]",""
"passed","Tue Jan 05 00:13:53 CST 2021","Tue Jan 05 00:13:53 CST 2021","1","","test_newcalc","TestCalc","","","test_mul[bigint_mul]",""
"passed","Tue Jan 05 00:13:53 CST 2021","Tue Jan 05 00:13:53 CST 2021","0","","test_newcalc","TestCalc","","","test_mul[minus_mul]",""
